ProductKey,OrderDateKey,DueDateKey,ShipDateKey,CustomerKey,SalesOrderNumber,SalesAmount
314,20200101,20200113,20200108,27606,SO43711,3578.27
311,20200101,20200113,20200108,13513,SO43712,3578.27
310,20200102,20200114,20200109,27601,SO43713,3578.27
311,20200102,20200114,20200109,13591,SO43714,3578.27
314,20200102,20200114,20200109,16483,SO43715,3578.27
311,20200102,20200114,20200109,16529,SO43716,3578.27
336,20200102,20200114,20200109,25249,SO43717,699.0982
311,20200103,20200115,20200110,27668,SO43718,3578.27
312,20200103,20200115,20200110,27612,SO43719,3578.27
311,20200103,20200115,20200110,13264,SO43720,3578.27
310,20200103,20200115,20200110,13590,SO43721,3578.27
312,20200104,20200116,20200111,13581,SO43722,3578.27
332,20200104,20200116,20200111,14520,SO43723,699.0982
311,20200104,20200116,20200111,16520,SO43724,3578.27
311,20200105,20200117,20200112,13258,SO43725,3578.27
332,20200105,20200117,20200112,14560,SO43726,699.0982
311,20200105,20200117,20200112,16607,SO43727,3578.27
313,20200106,20200118,20200113,27666,SO43728,3578.27
346,20200106,20200118,20200113,11238,SO43729,3399.99
346,20200106,20200118,20200113,25861,SO43730,3399.99
314,20200106,20200118,20200113,16629,SO43731,3578.27
350,20200106,20200118,20200113,11025,SO43732,3374.99
312,20200106,20200118,20200113,27577,SO43733,3578.27
312,20200107,20200119,20200114,27604,SO43734,3578.27
310,20200107,20200119,20200114,16522,SO43735,3578.27
346,20200107,20200119,20200114,11002,SO43736,3399.99
311,20200108,20200120,20200115,13261,SO43737,3578.27
312,20200108,20200120,20200115,11606,SO43738,3578.27
310,20200108,20200120,20200115,13563,SO43739,3578.27
312,20200108,20200120,20200115,16527,SO43740,3578.27
310,20200109,20200121,20200116,27671,SO43741,3578.27
314,20200109,20200121,20200116,13576,SO43742,3578.27
347,20200109,20200121,20200116,11007,SO43743,3399.99
313,20200109,20200121,20200116,16631,SO43744,3578.27
311,20200110,20200122,20200117,16514,SO43745,3578.27
312,20200110,20200122,20200117,16616,SO43746,3578.27
314,20200111,20200123,20200118,27623,SO43747,3578.27
313,20200111,20200123,20200118,27625,SO43748,3578.27
314,20200111,20200123,20200118,27636,SO43749,3578.27
311,20200111,20200123,20200118,11591,SO43750,3578.27
313,20200111,20200123,20200118,11592,SO43751,3578.27
311,20200111,20200123,20200118,13265,SO43752,3578.27
310,20200111,20200123,20200118,16482,SO43753,3578.27
312,20200112,20200124,20200119,27617,SO43754,3578.27
311,20200112,20200124,20200119,27670,SO43755,3578.27
332,20200112,20200124,20200119,19941,SO43756,699.0982
350,20200112,20200124,20200119,11017,SO43757,3374.99
310,20200113,20200125,20200120,27646,SO43758,3578.27
310,20200113,20200125,20200120,13257,SO43759,3578.27
314,20200113,20200125,20200120,16352,SO43760,3578.27
310,20200113,20200125,20200120,16493,SO43761,3578.27
314,20200114,20200126,20200121,27578,SO43762,3578.27
313,20200114,20200126,20200121,16525,SO43763,3578.27
310,20200114,20200126,20200121,16612,SO43764,3578.27
346,20200114,20200126,20200121,11010,SO43765,3399.99
313,20200115,20200127,20200122,16518,SO43766,3578.27
350,20200115,20200127,20200122,11001,SO43767,3374.99
312,20200116,20200128,20200123,27649,SO43768,3578.27
312,20200116,20200128,20200123,21659,SO43769,3578.27
312,20200116,20200128,20200123,27614,SO43770,3578.27
330,20200116,20200128,20200123,14559,SO43771,699.0982
312,20200116,20200128,20200123,16524,SO43772,3578.27
314,20200116,20200128,20200123,16526,SO43773,3578.27
313,20200116,20200128,20200123,16348,SO43774,3578.27
347,20200116,20200128,20200123,11027,SO43775,3399.99
314,20200117,20200129,20200124,13260,SO43776,3578.27
311,20200117,20200129,20200124,16515,SO43777,3578.27
345,20200117,20200129,20200124,11018,SO43778,3399.99
326,20200117,20200129,20200124,25252,SO43779,699.0982
311,20200118,20200130,20200125,11599,SO43780,3578.27
312,20200118,20200130,20200125,16495,SO43781,3578.27
312,20200118,20200130,20200125,16516,SO43782,3578.27
312,20200118,20200130,20200125,16620,SO43783,3578.27
310,20200119,20200131,20200126,27667,SO43784,3578.27
311,20200119,20200131,20200126,11601,SO43785,3578.27
311,20200119,20200131,20200126,11607,SO43786,3578.27
344,20200119,20200131,20200126,29385,SO43787,3399.99
351,20200119,20200131,20200126,11239,SO43788,3374.99
351,20200119,20200131,20200126,25865,SO43789,3374.99
344,20200119,20200131,20200126,25857,SO43790,3399.99
314,20200119,20200131,20200126,16484,SO43791,3578.27
312,20200119,20200131,20200126,16623,SO43792,3578.27
344,20200119,20200131,20200126,11000,SO43793,3399.99
347,20200119,20200131,20200126,11029,SO43794,3399.99
312,20200120,20200201,20200127,27615,SO43795,3578.27
342,20200120,20200201,20200127,17956,SO43796,699.0982
312,20200120,20200201,20200127,16345,SO43797,3578.27
310,20200120,20200201,20200127,16521,SO43798,3578.27
312,20200120,20200201,20200127,16636,SO43799,3578.27
311,20200121,20200202,20200128,21710,SO43800,3578.27
311,20200121,20200202,20200128,13583,SO43801,3578.27
312,20200121,20200202,20200128,11593,SO43802,3578.27
314,20200122,20200203,20200129,21741,SO43803,3578.27
310,20200122,20200203,20200129,13585,SO43804,3578.27
328,20200122,20200203,20200129,14510,SO43805,699.0982
312,20200122,20200203,20200129,16523,SO43806,3578.27
312,20200123,20200204,20200130,11611,SO43807,3578.27
313,20200123,20200204,20200130,13259,SO43808,3578.27
310,20200123,20200204,20200130,16350,SO43809,3578.27
345,20200123,20200204,20200130,11004,SO43810,3399.99
346,20200123,20200204,20200130,11026,SO43811,3399.99
312,20200124,20200205,20200131,27662,SO43812,3578.27
350,20200124,20200205,20200131,28390,SO43813,3374.99
350,20200124,20200205,20200131,25866,SO43814,3374.99
311,20200124,20200205,20200131,16494,SO43815,3578.27
314,20200124,20200205,20200131,16496,SO43816,3578.27
310,20200124,20200205,20200131,16519,SO43817,3578.27
312,20200124,20200205,20200131,16528,SO43818,3578.27
346,20200124,20200205,20200131,11006,SO43819,3399.99
312,20200125,20200206,20200201,27651,SO43820,3578.27
310,20200125,20200206,20200201,27663,SO43821,3578.27
313,20200125,20200206,20200201,27669,SO43822,3578.27
342,20200125,20200206,20200201,19942,SO43823,699.0982
338,20200125,20200206,20200201,14558,SO43824,699.0982
313,20200125,20200206,20200201,16349,SO43825,3578.27
348,20200125,20200206,20200201,11008,SO43826,3374.99
338,20200125,20200206,20200201,25250,SO43827,699.0982
310,20200126,20200207,20200202,27605,SO43828,3578.27
310,20200126,20200207,20200202,27611,SO43829,3578.27
311,20200126,20200207,20200202,16347,SO43830,3578.27
349,20200126,20200207,20200202,11028,SO43831,3374.99
310,20200126,20200207,20200202,13584,SO43832,3578.27
310,20200127,20200208,20200203,21727,SO43833,3578.27
348,20200127,20200208,20200203,28393,SO43834,3374.99
348,20200127,20200208,20200203,19802,SO43835,3374.99
324,20200127,20200208,20200203,26620,SO43836,699.0982
350,20200127,20200208,20200203,11009,SO43837,3374.99
313,20200128,20200209,20200204,27641,SO43838,3578.27
311,20200128,20200209,20200204,27673,SO43839,3578.27
326,20200128,20200209,20200204,17957,SO43840,699.0982
314,20200128,20200209,20200204,13406,SO43841,3578.27
312,20200128,20200209,20200204,16630,SO43842,3578.27
313,20200129,20200210,20200205,22041,SO43918,3578.27
314,20200129,20200210,20200205,12124,SO43919,3578.27
313,20200129,20200210,20200205,28066,SO43920,3578.27
313,20200129,20200210,20200205,16743,SO43921,3578.27
310,20200129,20200210,20200205,13546,SO43922,3578.27
312,20200130,20200211,20200206,28018,SO43923,3578.27
310,20200130,20200211,20200206,12132,SO43924,3578.27
314,20200130,20200211,20200206,16661,SO43925,3578.27
351,20200131,20200212,20200207,11055,SO43926,3374.99
314,20200131,20200212,20200207,16662,SO43927,3578.27
313,20200131,20200212,20200207,16740,SO43928,3578.27
322,20200131,20200212,20200207,25270,SO43929,699.0982
312,20200201,20200213,20200208,28038,SO43930,3578.27
313,20200201,20200213,20200208,13548,SO43931,3578.27
314,20200201,20200213,20200208,16741,SO43932,3578.27
347,20200201,20200213,20200208,11031,SO43933,3399.99
346,20200201,20200213,20200208,11034,SO43934,3399.99
334,20200202,20200214,20200209,20048,SO43935,699.0982
311,20200202,20200214,20200209,28065,SO43936,3578.27
312,20200202,20200214,20200209,17047,SO43937,3578.27
310,20200202,20200214,20200209,16686,SO43938,3578.27
312,20200202,20200214,20200209,16659,SO43939,3578.27
336,20200202,20200214,20200209,25294,SO43940,699.0982
314,20200203,20200215,20200210,13600,SO43941,3578.27
310,20200203,20200215,20200210,17051,SO43942,3578.27
338,20200203,20200215,20200210,14565,SO43943,699.0982
344,20200203,20200215,20200210,11054,SO43944,3399.99
310,20200203,20200215,20200210,16675,SO43945,3578.27
313,20200203,20200215,20200210,16687,SO43946,3578.27
310,20200203,20200215,20200210,16712,SO43947,3578.27
345,20200203,20200215,20200210,11047,SO43948,3399.99
310,20200204,20200216,20200211,27726,SO43949,3578.27
311,20200204,20200216,20200211,28014,SO43950,3578.27
311,20200204,20200216,20200211,16696,SO43951,3578.27
312,20200204,20200216,20200211,16639,SO43952,3578.27
342,20200205,20200217,20200212,20049,SO43953,699.0982
311,20200205,20200217,20200212,13602,SO43954,3578.27
314,20200205,20200217,20200212,13661,SO43955,3578.27
344,20200205,20200217,20200212,11030,SO43956,3399.99
313,20200206,20200218,20200213,28068,SO43957,3578.27
312,20200206,20200218,20200213,16658,SO43958,3578.27
348,20200206,20200218,20200213,11035,SO43959,3374.99
349,20200206,20200218,20200213,11046,SO43960,3374.99
311,20200207,20200219,20200214,28031,SO43961,3578.27
312,20200207,20200219,20200214,28076,SO43962,3578.27
314,20200207,20200219,20200214,16685,SO43963,3578.27
312,20200207,20200219,20200214,16745,SO43964,3578.27
351,20200207,20200219,20200214,11038,SO43965,3374.99
347,20200207,20200219,20200214,11039,SO43966,3399.99
313,20200208,20200220,20200215,28040,SO43967,3578.27
313,20200208,20200220,20200215,28067,SO43968,3578.27
310,20200208,20200220,20200215,28071,SO43969,3578.27
311,20200208,20200220,20200215,16684,SO43970,3578.27
314,20200208,20200220,20200215,16657,SO43971,3578.27
314,20200209,20200221,20200216,21939,SO43972,3578.27
312,20200209,20200221,20200216,28039,SO43973,3578.27
312,20200209,20200221,20200216,13687,SO43974,3578.27
312,20200209,20200221,20200216,13540,SO43975,3578.27
310,20200209,20200221,20200216,28063,SO43976,3578.27
312,20200209,20200221,20200216,16703,SO43977,3578.27
310,20200210,20200222,20200217,28030,SO43978,3578.27
322,20200210,20200222,20200217,14576,SO43979,699.0982
351,20200210,20200222,20200217,11048,SO43980,3374.99
314,20200210,20200222,20200217,16664,SO43981,3578.27
342,20200210,20200222,20200217,25271,SO43982,699.0982
314,20200211,20200223,20200218,28017,SO43983,3578.27
311,20200211,20200223,20200218,13545,SO43984,3578.27
313,20200211,20200223,20200218,13515,SO43985,3578.27
310,20200211,20200223,20200218,28070,SO43986,3578.27
310,20200212,20200224,20200219,28042,SO43987,3578.27
344,20200212,20200224,20200219,11244,SO43988,3399.99
312,20200212,20200224,20200219,28083,SO43989,3578.27
344,20200212,20200224,20200219,25872,SO43990,3399.99
310,20200212,20200224,20200219,16660,SO43991,3578.27
311,20200212,20200224,20200219,16638,SO43992,3578.27
314,20200214,20200226,20200221,16929,SO43993,3578.27
314,20200215,20200227,20200222,27681,SO43994,3578.27
312,20200215,20200227,20200222,21813,SO43995,3578.27
310,20200215,20200227,20200222,27920,SO43996,3578.27
310,20200215,20200227,20200222,28022,SO43997,3578.27
348,20200215,20200227,20200222,11033,SO43998,3374.99
311,20200215,20200227,20200222,28047,SO43999,3578.27
311,20200216,20200228,20200223,27918,SO44000,3578.27
313,20200216,20200228,20200223,28044,SO44001,3578.27
336,20200216,20200228,20200223,14572,SO44002,699.0982
342,20200216,20200228,20200223,19325,SO44003,699.0982
310,20200216,20200228,20200223,28061,SO44004,3578.27
334,20200216,20200228,20200223,26629,SO44005,699.0982
310,20200216,20200228,20200223,16744,SO44006,3578.27
320,20200216,20200228,20200223,25555,SO44007,699.0982
312,20200217,20200301,20200224,27678,SO44008,3578.27
314,20200217,20200301,20200224,27759,SO44009,3578.27
310,20200217,20200301,20200224,13680,SO44010,3578.27
310,20200217,20200301,20200224,13514,SO44011,3578.27
349,20200217,20200301,20200224,11052,SO44012,3374.99
312,20200217,20200301,20200224,16928,SO44013,3578.27
313,20200218,20200302,20200225,27917,SO44014,3578.27
311,20200218,20200302,20200225,13693,SO44015,3578.27
350,20200218,20200302,20200225,11247,SO44016,3374.99
310,20200218,20200302,20200225,28078,SO44017,3578.27
350,20200218,20200302,20200225,25876,SO44018,3374.99
310,20200218,20200302,20200225,16701,SO44019,3578.27
311,20200218,20200302,20200225,16931,SO44020,3578.27
348,20200218,20200302,20200225,11032,SO44021,3374.99
313,20200219,20200303,20200226,22008,SO44022,3578.27
349,20200219,20200303,20200226,19830,SO44023,3374.99
314,20200219,20200303,20200226,16663,SO44024,3578.27
314,20200219,20200303,20200226,16708,SO44025,3578.27
310,20200219,20200303,20200226,17045,SO44026,3578.27
310,20200220,20200304,20200227,21921,SO44027,3578.27
312,20200220,20200304,20200227,17048,SO44028,3578.27
350,20200220,20200304,20200227,11050,SO44029,3374.99
311,20200221,20200305,20200228,12131,SO44030,3578.27
313,20200221,20200305,20200228,13689,SO44031,3578.27
344,20200221,20200305,20200228,11243,SO44032,3399.99
314,20200221,20200305,20200228,16693,SO44033,3578.27
313,20200221,20200305,20200228,16702,SO44034,3578.27
312,20200221,20200305,20200228,16707,SO44035,3578.27
310,20200221,20200305,20200228,17046,SO44036,3578.27
328,20200221,20200305,20200228,25272,SO44037,699.0982
344,20200221,20200305,20200228,25868,SO44038,3399.99
342,20200222,20200306,20200301,17971,SO44039,699.0982
351,20200222,20200306,20200301,11057,SO44040,3374.99
313,20200222,20200306,20200301,16742,SO44041,3578.27
313,20200223,20200307,20200302,13678,SO44042,3578.27
311,20200223,20200307,20200302,13679,SO44043,3578.27
314,20200223,20200307,20200302,13690,SO44044,3578.27
344,20200223,20200307,20200302,28394,SO44045,3399.99
313,20200223,20200307,20200302,28064,SO44046,3578.27
344,20200223,20200307,20200302,25878,SO44047,3399.99
314,20200223,20200307,20200302,16713,SO44048,3578.27
314,20200224,20200308,20200303,13538,SO44049,3578.27
310,20200224,20200308,20200303,17050,SO44050,3578.27
310,20200225,20200309,20200304,13691,SO44051,3578.27
314,20200225,20200309,20200304,16637,SO44052,3578.27
338,20200226,20200310,20200305,19329,SO44053,699.0982
314,20200226,20200310,20200305,13542,SO44054,3578.27
310,20200226,20200310,20200305,13543,SO44055,3578.27
314,20200226,20200310,20200305,13559,SO44056,3578.27
338,20200226,20200310,20200305,14577,SO44057,699.0982
350,20200226,20200310,20200305,11056,SO44058,3374.99
313,20200226,20200310,20200305,16688,SO44059,3578.27
342,20200226,20200310,20200305,25273,SO44060,699.0982
310,20200227,20200311,20200306,27919,SO44061,3578.27
310,20200227,20200311,20200306,28041,SO44062,3578.27
344,20200227,20200311,20200306,11240,SO44063,3399.99
310,20200227,20200311,20200306,22050,SO44064,3578.27
310,20200227,20200311,20200306,28062,SO44065,3578.27
344,20200227,20200311,20200306,25867,SO44066,3399.99
310,20200227,20200311,20200306,17049,SO44067,3578.27
313,20200228,20200312,20200307,13541,SO44068,3578.27
349,20200228,20200312,20200307,28395,SO44069,3374.99
349,20200228,20200312,20200307,19829,SO44070,3374.99
313,20200228,20200312,20200307,16691,SO44071,3578.27
311,20200228,20200312,20200307,16656,SO44072,3578.27
351,20200228,20200312,20200307,11044,SO44073,3374.99
310,20200301,20200313,20200308,13821,SO44134,3578.27
310,20200301,20200313,20200308,28156,SO44135,3578.27
311,20200301,20200313,20200308,22114,SO44136,3578.27
314,20200301,20200313,20200308,17328,SO44137,3578.27
310,20200302,20200314,20200309,13765,SO44138,3578.27
311,20200302,20200314,20200309,13792,SO44139,3578.27
311,20200302,20200314,20200309,12221,SO44140,3578.27
313,20200302,20200314,20200309,13572,SO44141,3578.27
313,20200302,20200314,20200309,22058,SO44142,3578.27
313,20200302,20200314,20200309,28145,SO44143,3578.27
312,20200302,20200314,20200309,17071,SO44144,3578.27
310,20200302,20200314,20200309,17309,SO44145,3578.27
313,20200302,20200314,20200309,17310,SO44146,3578.27
310,20200302,20200314,20200309,17320,SO44147,3578.27
310,20200303,20200315,20200310,28172,SO44148,3578.27
312,20200303,20200315,20200310,17242,SO44149,3578.27
312,20200303,20200315,20200310,17315,SO44150,3578.27
328,20200303,20200315,20200310,25558,SO44151,699.0982
346,20200304,20200316,20200311,11334,SO44152,3399.99
312,20200304,20200316,20200311,28168,SO44153,3578.27
311,20200304,20200316,20200311,28181,SO44154,3578.27
313,20200304,20200316,20200311,28131,SO44155,3578.27
346,20200304,20200316,20200311,25887,SO44156,3399.99
314,20200304,20200316,20200311,17055,SO44157,3578.27
311,20200305,20200317,20200312,13567,SO44158,3578.27
311,20200305,20200317,20200312,28182,SO44159,3578.27
312,20200305,20200317,20200312,28186,SO44160,3578.27
314,20200306,20200318,20200313,13772,SO44161,3578.27
311,20200306,20200318,20200313,28185,SO44162,3578.27
314,20200306,20200318,20200313,28193,SO44163,3578.27
310,20200306,20200318,20200313,28088,SO44164,3578.27
313,20200306,20200318,20200313,17065,SO44165,3578.27
338,20200306,20200318,20200313,14581,SO44166,699.0982
314,20200306,20200318,20200313,17308,SO44167,3578.27
313,20200307,20200319,20200314,12211,SO44168,3578.27
311,20200307,20200319,20200314,28179,SO44169,3578.27
314,20200307,20200319,20200314,28183,SO44170,3578.27
313,20200307,20200319,20200314,28112,SO44171,3578.27
338,20200307,20200319,20200314,14584,SO44172,699.0982
312,20200308,20200320,20200315,13784,SO44173,3578.27
311,20200308,20200320,20200315,17229,SO44174,3578.27
313,20200308,20200320,20200315,17246,SO44175,3578.27
314,20200309,20200321,20200316,12220,SO44176,3578.27
350,20200309,20200321,20200316,11337,SO44177,3374.99
312,20200309,20200321,20200316,28097,SO44178,3578.27
350,20200309,20200321,20200316,25888,SO44179,3374.99
347,20200309,20200321,20200316,11058,SO44180,3399.99
312,20200309,20200321,20200316,17294,SO44181,3578.27
310,20200309,20200321,20200316,17299,SO44182,3578.27
310,20200310,20200322,20200317,28158,SO44183,3578.27
314,20200310,20200322,20200317,17247,SO44184,3578.27
310,20200310,20200322,20200317,17280,SO44185,3578.27
347,20200312,20200324,20200319,25889,SO44186,3399.99
313,20200312,20200324,20200319,17069,SO44187,3578.27
334,20200313,20200325,20200320,20052,SO44188,699.0982
322,20200313,20200325,20200320,20054,SO44189,699.0982
348,20200313,20200325,20200320,11061,SO44190,3374.99
310,20200313,20200325,20200320,17248,SO44191,3578.27
312,20200314,20200326,20200321,13570,SO44192,3578.27
312,20200314,20200326,20200321,28164,SO44193,3578.27
310,20200314,20200326,20200321,17064,SO44194,3578.27
313,20200314,20200326,20200321,17249,SO44195,3578.27
314,20200314,20200326,20200321,17295,SO44196,3578.27
312,20200315,20200327,20200322,28096,SO44197,3578.27
310,20200315,20200327,20200322,28150,SO44198,3578.27
313,20200315,20200327,20200322,17259,SO44199,3578.27
311,20200315,20200327,20200322,17312,SO44200,3578.27
313,20200316,20200328,20200323,12254,SO44201,3578.27
311,20200316,20200328,20200323,28159,SO44202,3578.27
312,20200316,20200328,20200323,28149,SO44203,3578.27
336,20200316,20200328,20200323,14580,SO44204,699.0982
312,20200316,20200328,20200323,17285,SO44205,3578.27
347,20200317,20200329,20200324,11250,SO44206,3399.99
313,20200317,20200329,20200324,28162,SO44207,3578.27
347,20200317,20200329,20200324,25879,SO44208,3399.99
311,20200317,20200329,20200324,17257,SO44209,3578.27
310,20200318,20200330,20200325,13783,SO44210,3578.27
313,20200318,20200330,20200325,28154,SO44211,3578.27
312,20200318,20200330,20200325,28170,SO44212,3578.27
310,20200318,20200330,20200325,17351,SO44213,3578.27
311,20200318,20200330,20200325,17332,SO44214,3578.27
312,20200319,20200331,20200326,28180,SO44215,3578.27
314,20200319,20200331,20200326,13560,SO44216,3578.27
310,20200319,20200331,20200326,28148,SO44217,3578.27
311,20200319,20200331,20200326,22109,SO44218,3578.27
338,20200319,20200331,20200326,14590,SO44219,699.0982
345,20200319,20200331,20200326,11060,SO44220,3399.99
314,20200319,20200331,20200326,17255,SO44221,3578.27
311,20200319,20200331,20200326,17258,SO44222,3578.27
310,20200320,20200401,20200327,13847,SO44223,3578.27
314,20200320,20200401,20200327,28166,SO44224,3578.27
322,20200321,20200402,20200328,20060,SO44225,699.0982
313,20200321,20200402,20200328,12255,SO44226,3578.27
349,20200321,20200402,20200328,28401,SO44227,3374.99
344,20200321,20200402,20200328,11333,SO44228,3399.99
344,20200321,20200402,20200328,25886,SO44229,3399.99
312,20200321,20200402,20200328,17241,SO44230,3578.27
334,20200321,20200402,20200328,17973,SO44231,699.0982
312,20200321,20200402,20200328,17334,SO44232,3578.27
310,20200322,20200403,20200329,13841,SO44233,3578.27
312,20200322,20200403,20200329,28184,SO44234,3578.27
313,20200322,20200403,20200329,22117,SO44235,3578.27
312,20200322,20200403,20200329,28191,SO44236,3578.27
310,20200322,20200403,20200329,17056,SO44237,3578.27
311,20200322,20200403,20200329,17079,SO44238,3578.27
311,20200323,20200404,20200330,12217,SO44239,3578.27
311,20200323,20200404,20200330,13580,SO44240,3578.27
313,20200323,20200404,20200330,28155,SO44241,3578.27
313,20200323,20200404,20200330,28163,SO44242,3578.27
312,20200323,20200404,20200330,17278,SO44243,3578.27
312,20200323,20200404,20200330,17329,SO44244,3578.27
330,20200323,20200404,20200330,25556,SO44245,699.0982
312,20200324,20200405,20200331,12219,SO44246,3578.27
310,20200324,20200405,20200331,17233,SO44247,3578.27
313,20200324,20200405,20200331,17240,SO44248,3578.27
313,20200325,20200406,20200401,13845,SO44249,3578.27
312,20200325,20200406,20200401,28167,SO44250,3578.27
311,20200325,20200406,20200401,28190,SO44251,3578.27
312,20200326,20200407,20200402,13777,SO44252,3578.27
310,20200326,20200407,20200402,28099,SO44253,3578.27
314,20200326,20200407,20200402,28142,SO44254,3578.27
340,20200326,20200407,20200402,14585,SO44255,699.0982
312,20200326,20200407,20200402,17232,SO44256,3578.27
313,20200327,20200408,20200403,12212,SO44257,3578.27
310,20200327,20200408,20200403,13579,SO44258,3578.27
312,20200327,20200408,20200403,28171,SO44259,3578.27
312,20200327,20200408,20200403,28194,SO44260,3578.27
312,20200327,20200408,20200403,22112,SO44261,3578.27
322,20200327,20200408,20200403,20149,SO44262,699.0982
310,20200327,20200408,20200403,17279,SO44263,3578.27
313,20200327,20200408,20200403,17286,SO44264,3578.27
320,20200327,20200408,20200403,25557,SO44265,699.0982
336,20200327,20200408,20200403,25559,SO44266,699.0982
336,20200328,20200409,20200404,19339,SO44267,699.0982
312,20200328,20200409,20200404,13820,SO44268,3578.27
326,20200329,20200410,20200405,14589,SO44269,699.0982
314,20200330,20200411,20200406,13794,SO44270,3578.27
314,20200330,20200411,20200406,13846,SO44271,3578.27
311,20200330,20200411,20200406,12256,SO44272,3578.27
311,20200330,20200411,20200406,28147,SO44273,3578.27
314,20200330,20200411,20200406,28152,SO44274,3578.27
311,20200330,20200411,20200406,17256,SO44275,3578.27
313,20200330,20200411,20200406,17277,SO44276,3578.27
311,20200330,20200411,20200406,17288,SO44277,3578.27
310,20200330,20200411,20200406,17293,SO44278,3578.27
313,20200330,20200411,20200406,17326,SO44279,3578.27
314,20200331,20200412,20200407,14429,SO44320,3578.27
311,20200331,20200412,20200407,28222,SO44321,3578.27
328,20200331,20200412,20200407,17975,SO44322,699.0982
344,20200331,20200412,20200407,11072,SO44323,3399.99
311,20200401,20200413,20200408,12267,SO44324,3578.27
351,20200401,20200413,20200408,11095,SO44325,3374.99
312,20200401,20200413,20200408,17728,SO44326,3578.27
314,20200402,20200414,20200409,28598,SO44327,3578.27
310,20200402,20200414,20200409,17921,SO44328,3578.27
311,20200402,20200414,20200409,17904,SO44329,3578.27
312,20200402,20200414,20200409,28199,SO44330,3578.27
311,20200403,20200415,20200410,28257,SO44331,3578.27
310,20200403,20200415,20200410,17510,SO44332,3578.27
345,20200404,20200416,20200411,11343,SO44333,3399.99
311,20200404,20200416,20200411,28273,SO44334,3578.27
324,20200404,20200416,20200411,20165,SO44335,699.0982
345,20200404,20200416,20200411,25895,SO44336,3399.99
351,20200404,20200416,20200411,11097,SO44337,3374.99
314,20200404,20200416,20200411,18188,SO44338,3578.27
311,20200404,20200416,20200411,18189,SO44339,3578.27
314,20200404,20200416,20200411,17354,SO44340,3578.27
348,20200405,20200417,20200412,25905,SO44341,3374.99
320,20200405,20200417,20200412,14610,SO44342,699.0982
314,20200405,20200417,20200412,17920,SO44343,3578.27
310,20200406,20200418,20200413,14427,SO44344,3578.27
313,20200406,20200418,20200413,28200,SO44345,3578.27
336,20200406,20200418,20200413,14602,SO44346,699.0982
312,20200406,20200418,20200413,17911,SO44347,3578.27
313,20200407,20200419,20200414,14159,SO44348,3578.27
311,20200407,20200419,20200414,28243,SO44349,3578.27
312,20200407,20200419,20200414,28244,SO44350,3578.27
314,20200407,20200419,20200414,28271,SO44351,3578.27
311,20200407,20200419,20200414,28297,SO44352,3578.27
326,20200407,20200419,20200414,14591,SO44353,699.0982
336,20200407,20200419,20200414,14603,SO44354,699.0982
347,20200407,20200419,20200414,11093,SO44355,3399.99
345,20200407,20200419,20200414,11099,SO44356,3399.99
310,20200407,20200419,20200414,17511,SO44357,3578.27
310,20200407,20200419,20200414,17732,SO44358,3578.27
311,20200408,20200420,20200415,14525,SO44359,3578.27
311,20200408,20200420,20200415,14158,SO44360,3578.27
310,20200408,20200420,20200415,13686,SO44361,3578.27
310,20200408,20200420,20200415,28259,SO44362,3578.27
312,20200408,20200420,20200415,28285,SO44363,3578.27
348,20200408,20200420,20200415,11092,SO44364,3374.99
313,20200408,20200420,20200415,17912,SO44365,3578.27
313,20200408,20200420,20200415,17502,SO44366,3578.27
328,20200408,20200420,20200415,25562,SO44367,699.0982
314,20200409,20200421,20200416,14150,SO44368,3578.27
310,20200409,20200421,20200416,28250,SO44369,3578.27
313,20200409,20200421,20200416,18193,SO44370,3578.27
311,20200409,20200421,20200416,17514,SO44371,3578.27
310,20200409,20200421,20200416,17736,SO44372,3578.27
310,20200410,20200422,20200417,13767,SO44373,3578.27
310,20200410,20200422,20200417,14157,SO44374,3578.27
310,20200410,20200422,20200417,14183,SO44375,3578.27
349,20200410,20200422,20200417,29399,SO44376,3374.99
310,20200410,20200422,20200417,28234,SO44377,3578.27
349,20200410,20200422,20200417,25903,SO44378,3374.99
351,20200410,20200422,20200417,11080,SO44379,3374.99
310,20200410,20200422,20200417,17915,SO44380,3578.27
313,20200411,20200423,20200418,14191,SO44381,3578.27
347,20200411,20200423,20200418,11341,SO44382,3399.99
310,20200411,20200423,20200418,28268,SO44383,3578.27
311,20200411,20200423,20200418,28296,SO44384,3578.27
314,20200411,20200423,20200418,28298,SO44385,3578.27
312,20200411,20200423,20200418,28587,SO44386,3578.27
351,20200411,20200423,20200418,11096,SO44387,3374.99
310,20200411,20200423,20200418,17924,SO44388,3578.27
313,20200411,20200423,20200418,17925,SO44389,3578.27
314,20200411,20200423,20200418,17353,SO44390,3578.27
313,20200411,20200423,20200418,17730,SO44391,3578.27
314,20200411,20200423,20200418,17910,SO44392,3578.27
345,20200412,20200424,20200419,29398,SO44393,3399.99
313,20200412,20200424,20200419,28246,SO44394,3578.27
314,20200412,20200424,20200419,28339,SO44395,3578.27
345,20200412,20200424,20200419,25901,SO44396,3399.99
330,20200412,20200424,20200419,14596,SO44397,699.0982
312,20200412,20200424,20200419,17733,SO44398,3578.27
311,20200413,20200425,20200420,28240,SO44399,3578.27
312,20200413,20200425,20200420,28588,SO44400,3578.27
312,20200413,20200425,20200420,17515,SO44401,3578.27
314,20200414,20200426,20200421,13666,SO44402,3578.27
350,20200414,20200426,20200421,19844,SO44403,3374.99
314,20200415,20200427,20200422,28221,SO44404,3578.27
310,20200415,20200427,20200422,28224,SO44405,3578.27
313,20200415,20200427,20200422,28299,SO44406,3578.27
351,20200415,20200427,20200422,11077,SO44407,3374.99
351,20200415,20200427,20200422,11103,SO44408,3374.99
320,20200415,20200427,20200422,25563,SO44409,699.0982
310,20200416,20200428,20200423,28223,SO44410,3578.27
312,20200416,20200428,20200423,28584,SO44411,3578.27
349,20200416,20200428,20200423,11100,SO44412,3374.99
310,20200417,20200429,20200424,13606,SO44413,3578.27
311,20200417,20200429,20200424,28340,SO44414,3578.27
312,20200417,20200429,20200424,28355,SO44415,3578.27
345,20200417,20200429,20200424,11069,SO44416,3399.99
311,20200417,20200429,20200424,17917,SO44417,3578.27
311,20200417,20200429,20200424,17919,SO44418,3578.27
310,20200417,20200429,20200424,17352,SO44419,3578.27
311,20200417,20200429,20200424,17512,SO44420,3578.27
313,20200418,20200430,20200425,13607,SO44421,3578.27
326,20200418,20200430,20200425,19353,SO44422,699.0982
313,20200418,20200430,20200425,28586,SO44423,3578.27
312,20200418,20200430,20200425,17916,SO44424,3578.27
311,20200418,20200430,20200425,17504,SO44425,3578.27
314,20200419,20200501,20200426,13770,SO44426,3578.27
314,20200419,20200501,20200426,14146,SO44427,3578.27
313,20200419,20200501,20200426,28362,SO44428,3578.27
314,20200419,20200501,20200426,28583,SO44429,3578.27
313,20200419,20200501,20200426,17927,SO44430,3578.27
312,20200419,20200501,20200426,17725,SO44431,3578.27
314,20200420,20200502,20200427,14165,SO44432,3578.27
312,20200420,20200502,20200427,28270,SO44433,3578.27
310,20200420,20200502,20200427,28580,SO44434,3578.27
312,20200421,20200503,20200428,28573,SO44435,3578.27
322,20200421,20200503,20200428,26630,SO44436,699.0982
344,20200421,20200503,20200428,11076,SO44437,3399.99
312,20200421,20200503,20200428,17909,SO44438,3578.27
310,20200422,20200504,20200429,14195,SO44439,3578.27
312,20200422,20200504,20200429,12261,SO44440,3578.27
312,20200422,20200504,20200429,22118,SO44441,3578.27
334,20200422,20200504,20200429,14599,SO44442,699.0982
310,20200422,20200504,20200429,17370,SO44443,3578.27
311,20200424,20200506,20200501,13697,SO44444,3578.27
314,20200425,20200507,20200502,17478,SO44445,3578.27
313,20200425,20200507,20200502,17914,SO44446,3578.27
312,20200426,20200508,20200503,12265,SO44447,3578.27
311,20200426,20200508,20200503,28264,SO44448,3578.27
312,20200426,20200508,20200503,28293,SO44449,3578.27
310,20200426,20200508,20200503,28294,SO44450,3578.27
313,20200426,20200508,20200503,28295,SO44451,3578.27
332,20200426,20200508,20200503,20164,SO44452,699.0982
310,20200426,20200508,20200503,17923,SO44453,3578.27
310,20200426,20200508,20200503,17926,SO44454,3578.27
312,20200426,20200508,20200503,17513,SO44455,3578.27
320,20200426,20200508,20200503,25560,SO44456,699.0982
311,20200427,20200509,20200504,28196,SO44457,3578.27
314,20200427,20200509,20200504,28247,SO44458,3578.27
314,20200427,20200509,20200504,28288,SO44459,3578.27
334,20200427,20200509,20200504,20150,SO44460,699.0982
313,20200427,20200509,20200504,17918,SO44461,3578.27
311,20200428,20200510,20200505,14155,SO44462,3578.27
332,20200428,20200510,20200505,19340,SO44463,699.0982
314,20200428,20200510,20200505,22120,SO44464,3578.27
320,20200428,20200510,20200505,14613,SO44465,699.0982
334,20200428,20200510,20200505,26640,SO44466,699.0982
346,20200428,20200510,20200505,11070,SO44467,3399.99
351,20200428,20200510,20200505,11075,SO44468,3374.99
314,20200428,20200510,20200505,17734,SO44469,3578.27
313,20200428,20200510,20200505,17735,SO44470,3578.27
322,20200428,20200510,20200505,25561,SO44471,699.0982
312,20200429,20200511,20200506,13685,SO44472,3578.27
312,20200429,20200511,20200506,28255,SO44473,3578.27
330,20200429,20200511,20200506,14601,SO44474,699.0982
345,20200429,20200511,20200506,11101,SO44475,3399.99
314,20200429,20200511,20200506,17913,SO44476,3578.27
310,20200429,20200511,20200506,17922,SO44477,3578.27
314,20200429,20200511,20200506,17726,SO44478,3578.27
350,20200430,20200512,20200507,29391,SO44479,3374.99
350,20200430,20200512,20200507,25891,SO44480,3374.99
347,20200501,20200513,20200508,29448,SO44571,3399.99
314,20200501,20200513,20200508,28664,SO44572,3578.27
347,20200501,20200513,20200508,25917,SO44573,3399.99
349,20200501,20200513,20200508,11107,SO44574,3374.99
344,20200501,20200513,20200508,11110,SO44575,3399.99
313,20200501,20200513,20200508,28660,SO44576,3578.27
314,20200502,20200514,20200509,28667,SO44577,3578.27
314,20200502,20200514,20200509,28653,SO44578,3578.27
312,20200502,20200514,20200509,28662,SO44579,3578.27
314,20200503,20200515,20200510,13782,SO44580,3578.27
348,20200503,20200515,20200510,11108,SO44581,3374.99
346,20200503,20200515,20200510,11134,SO44582,3399.99
310,20200503,20200515,20200510,18210,SO44583,3578.27
313,20200504,20200516,20200511,28671,SO44584,3578.27
312,20200504,20200516,20200511,28790,SO44585,3578.27
314,20200504,20200516,20200511,28794,SO44586,3578.27
311,20200504,20200516,20200511,28627,SO44587,3578.27
342,20200504,20200516,20200511,26683,SO44588,699.0982
346,20200504,20200516,20200511,11104,SO44589,3399.99
310,20200505,20200517,20200512,13795,SO44590,3578.27
330,20200505,20200517,20200512,17987,SO44591,699.0982
314,20200505,20200517,20200512,28761,SO44592,3578.27
313,20200505,20200517,20200512,28645,SO44593,3578.27
310,20200505,20200517,20200512,18250,SO44594,3578.27
345,20200505,20200517,20200512,11124,SO44595,3399.99
313,20200505,20200517,20200512,18238,SO44596,3578.27
310,20200506,20200518,20200513,12290,SO44597,3578.27
348,20200506,20200518,20200513,29400,SO44598,3374.99
310,20200506,20200518,20200513,28792,SO44599,3578.27
314,20200506,20200518,20200513,18243,SO44600,3578.27
345,20200506,20200518,20200513,11117,SO44601,3399.99
314,20200507,20200519,20200514,14702,SO44602,3578.27
342,20200507,20200519,20200514,20167,SO44603,699.0982
322,20200507,20200519,20200514,19364,SO44604,699.0982
314,20200507,20200519,20200514,28672,SO44605,3578.27
313,20200507,20200519,20200514,28772,SO44606,3578.27
310,20200507,20200519,20200514,28774,SO44607,3578.27
313,20200507,20200519,20200514,18200,SO44608,3578.27
311,20200507,20200519,20200514,18220,SO44609,3578.27
313,20200507,20200519,20200514,18241,SO44610,3578.27
314,20200508,20200520,20200515,13778,SO44611,3578.27
311,20200508,20200520,20200515,28675,SO44612,3578.27
313,20200508,20200520,20200515,28628,SO44613,3578.27
312,20200508,20200520,20200515,28650,SO44614,3578.27
314,20200508,20200520,20200515,28654,SO44615,3578.27
314,20200508,20200520,20200515,28655,SO44616,3578.27
313,20200508,20200520,20200515,28666,SO44617,3578.27
314,20200508,20200520,20200515,18205,SO44618,3578.27
312,20200509,20200521,20200516,13789,SO44619,3578.27
312,20200509,20200521,20200516,18204,SO44620,3578.27
313,20200509,20200521,20200516,18217,SO44621,3578.27
311,20200509,20200521,20200516,13771,SO44622,3578.27
312,20200510,20200522,20200517,12301,SO44623,3578.27
342,20200510,20200522,20200517,19357,SO44624,699.0982
314,20200510,20200522,20200517,28658,SO44625,3578.27
313,20200510,20200522,20200517,18272,SO44626,3578.27
349,20200510,20200522,20200517,11109,SO44627,3374.99
348,20200510,20200522,20200517,11356,SO44628,3374.99
311,20200510,20200522,20200517,18209,SO44629,3578.27
312,20200511,20200523,20200518,28765,SO44630,3578.27
310,20200511,20200523,20200518,28629,SO44631,3578.27
314,20200511,20200523,20200518,18196,SO44632,3578.27
310,20200511,20200523,20200518,18203,SO44633,3578.27
311,20200511,20200523,20200518,18213,SO44634,3578.27
310,20200511,20200523,20200518,18218,SO44635,3578.27
314,20200512,20200524,20200519,14705,SO44636,3578.27
311,20200512,20200524,20200519,28644,SO44637,3578.27
310,20200512,20200524,20200519,28651,SO44638,3578.27
330,20200512,20200524,20200519,14617,SO44639,699.0982
313,20200512,20200524,20200519,18246,SO44640,3578.27
313,20200512,20200524,20200519,18255,SO44641,3578.27
330,20200512,20200524,20200519,25567,SO44642,699.0982
314,20200513,20200525,20200520,12280,SO44643,3578.27
311,20200513,20200525,20200520,12279,SO44644,3578.27
344,20200513,20200525,20200520,11344,SO44645,3399.99
344,20200513,20200525,20200520,29449,SO44646,3399.99
312,20200513,20200525,20200520,28770,SO44647,3578.27
344,20200513,20200525,20200520,25916,SO44648,3399.99
344,20200513,20200525,20200520,25924,SO44649,3399.99
351,20200513,20200525,20200520,11147,SO44650,3374.99
313,20200514,20200526,20200521,14720,SO44651,3578.27
350,20200514,20200526,20200521,28407,SO44652,3374.99
326,20200514,20200526,20200521,20170,SO44653,699.0982
313,20200514,20200526,20200521,28619,SO44654,3578.27
346,20200514,20200526,20200521,11105,SO44655,3399.99
311,20200514,20200526,20200521,18275,SO44656,3578.27
350,20200514,20200526,20200521,11120,SO44657,3374.99
312,20200514,20200526,20200521,18201,SO44658,3578.27
313,20200514,20200526,20200521,18208,SO44659,3578.27
310,20200515,20200527,20200522,28775,SO44660,3578.27
336,20200515,20200527,20200522,14639,SO44661,699.0982
349,20200515,20200527,20200522,11151,SO44662,3374.99
313,20200515,20200527,20200522,18212,SO44663,3578.27
311,20200515,20200527,20200522,18222,SO44664,3578.27
334,20200515,20200527,20200522,25564,SO44665,699.0982
313,20200516,20200528,20200523,28763,SO44666,3578.27
310,20200516,20200528,20200523,28795,SO44667,3578.27
313,20200516,20200528,20200523,28621,SO44668,3578.27
350,20200516,20200528,20200523,25942,SO44669,3374.99
313,20200516,20200528,20200523,18245,SO44670,3578.27
311,20200516,20200528,20200523,18268,SO44671,3578.27
310,20200516,20200528,20200523,18207,SO44672,3578.27
314,20200517,20200529,20200524,13790,SO44673,3578.27
314,20200517,20200529,20200524,28635,SO44674,3578.27
336,20200517,20200529,20200524,25566,SO44675,699.0982
312,20200517,20200529,20200524,18198,SO44676,3578.27
310,20200518,20200530,20200525,22233,SO44677,3578.27
310,20200518,20200530,20200525,22121,SO44678,3578.27
346,20200518,20200530,20200525,11106,SO44679,3399.99
312,20200519,20200531,20200526,12296,SO44680,3578.27
342,20200519,20200531,20200526,17982,SO44681,699.0982
310,20200519,20200531,20200526,28797,SO44682,3578.27
312,20200519,20200531,20200526,28799,SO44683,3578.27
310,20200519,20200531,20200526,28643,SO44684,3578.27
310,20200519,20200531,20200526,18249,SO44685,3578.27
313,20200520,20200601,20200527,14712,SO44686,3578.27
342,20200520,20200601,20200527,20172,SO44687,699.0982
310,20200520,20200601,20200527,18244,SO44688,3578.27
310,20200520,20200601,20200527,18269,SO44689,3578.27
344,20200520,20200601,20200527,11111,SO44690,3399.99
346,20200521,20200602,20200528,28414,SO44691,3399.99
311,20200521,20200602,20200528,28670,SO44692,3578.27
311,20200521,20200602,20200528,28676,SO44693,3578.27
311,20200521,20200602,20200528,22232,SO44694,3578.27
346,20200521,20200602,20200528,19855,SO44695,3399.99
313,20200521,20200602,20200528,18254,SO44696,3578.27
310,20200522,20200603,20200529,18219,SO44697,3578.27
326,20200522,20200603,20200529,25565,SO44698,699.0982
313,20200523,20200604,20200530,22234,SO44699,3578.27
314,20200523,20200604,20200530,28769,SO44700,3578.27
336,20200523,20200604,20200530,14636,SO44701,699.0982
314,20200523,20200604,20200530,18260,SO44702,3578.27
311,20200524,20200605,20200531,12300,SO44703,3578.27
350,20200524,20200605,20200531,29403,SO44704,3374.99
311,20200524,20200605,20200531,28678,SO44705,3578.27
311,20200524,20200605,20200531,28618,SO44706,3578.27
311,20200524,20200605,20200531,28649,SO44707,3578.27
350,20200524,20200605,20200531,25909,SO44708,3374.99
311,20200524,20200605,20200531,18240,SO44709,3578.27
313,20200525,20200606,20200601,28674,SO44710,3578.27
310,20200525,20200606,20200601,18248,SO44711,3578.27
348,20200525,20200606,20200601,11112,SO44712,3374.99
313,20200526,20200607,20200602,22128,SO44713,3578.27
313,20200526,20200607,20200602,28657,SO44714,3578.27
314,20200526,20200607,20200602,22182,SO44715,3578.27
314,20200526,20200607,20200602,22230,SO44716,3578.27
336,20200526,20200607,20200602,14616,SO44717,699.0982
314,20200526,20200607,20200602,18239,SO44718,3578.27
313,20200527,20200608,20200603,14700,SO44719,3578.27
311,20200527,20200608,20200603,28625,SO44720,3578.27
342,20200527,20200608,20200603,26643,SO44721,699.0982
310,20200528,20200609,20200604,13774,SO44722,3578.27
345,20200528,20200609,20200604,29410,SO44723,3399.99
314,20200528,20200609,20200604,28665,SO44724,3578.27
345,20200528,20200609,20200604,25910,SO44725,3399.99
332,20200528,20200609,20200604,14614,SO44726,699.0982
313,20200528,20200609,20200604,18273,SO44727,3578.27
344,20200528,20200609,20200604,11126,SO44728,3399.99
310,20200529,20200610,20200605,12307,SO44729,3578.27
311,20200529,20200610,20200605,14697,SO44730,3578.27
312,20200529,20200610,20200605,28661,SO44731,3578.27
312,20200529,20200610,20200605,18251,SO44732,3578.27
313,20200529,20200610,20200605,18214,SO44733,3578.27
313,20200530,20200611,20200606,12285,SO44734,3578.27
311,20200530,20200611,20200606,28673,SO44735,3578.27
328,20200530,20200611,20200606,14634,SO44736,699.0982
314,20200530,20200611,20200606,18242,SO44737,3578.27
313,20200530,20200611,20200606,18252,SO44738,3578.27
312,20200530,20200611,20200606,18202,SO44739,3578.27
310,20200531,20200612,20200607,12383,SO44803,3578.27
310,20200531,20200612,20200607,28829,SO44804,3578.27
314,20200531,20200612,20200607,29011,SO44805,3578.27
311,20200531,20200612,20200607,18452,SO44806,3578.27
350,20200531,20200612,20200607,11365,SO44807,3374.99
311,20200601,20200613,20200608,13836,SO44808,3578.27
342,20200601,20200613,20200608,20552,SO44809,699.0982
311,20200601,20200613,20200608,29126,SO44810,3578.27
311,20200601,20200613,20200608,22732,SO44811,3578.27
314,20200601,20200613,20200608,28988,SO44812,3578.27
312,20200601,20200613,20200608,18695,SO44813,3578.27
313,20200601,20200613,20200608,18281,SO44814,3578.27
351,20200601,20200613,20200608,11444,SO44815,3374.99
312,20200602,20200614,20200609,12321,SO44816,3578.27
312,20200602,20200614,20200609,14777,SO44817,3578.27
313,20200602,20200614,20200609,28827,SO44818,3578.27
313,20200602,20200614,20200609,28853,SO44819,3578.27
350,20200602,20200614,20200609,25972,SO44820,3374.99
345,20200602,20200614,20200609,25975,SO44821,3399.99
311,20200602,20200614,20200609,18486,SO44822,3578.27
313,20200602,20200614,20200609,18488,SO44823,3578.27
312,20200602,20200614,20200609,18694,SO44824,3578.27
312,20200602,20200614,20200609,18309,SO44825,3578.27
314,20200603,20200615,20200610,12308,SO44826,3578.27
344,20200603,20200615,20200610,25973,SO44827,3399.99
312,20200603,20200615,20200610,28997,SO44828,3578.27
334,20200603,20200615,20200610,14643,SO44829,699.0982
314,20200603,20200615,20200610,18337,SO44830,3578.27
350,20200604,20200616,20200611,29467,SO44831,3374.99
311,20200604,20200616,20200611,28804,SO44832,3578.27
310,20200604,20200616,20200611,28842,SO44833,3578.27
350,20200604,20200616,20200611,25952,SO44834,3374.99
311,20200604,20200616,20200611,18338,SO44835,3578.27
314,20200604,20200616,20200611,18465,SO44836,3578.27
312,20200605,20200617,20200612,13808,SO44837,3578.27
311,20200605,20200617,20200612,14138,SO44838,3578.27
314,20200605,20200617,20200612,28825,SO44839,3578.27
314,20200605,20200617,20200612,28857,SO44840,3578.27
314,20200605,20200617,20200612,18335,SO44841,3578.27
310,20200606,20200618,20200613,14140,SO44842,3578.27
312,20200606,20200618,20200613,29058,SO44843,3578.27
314,20200606,20200618,20200613,29139,SO44844,3578.27
313,20200606,20200618,20200613,28845,SO44845,3578.27
314,20200606,20200618,20200613,18334,SO44846,3578.27
346,20200606,20200618,20200613,11445,SO44847,3399.99
348,20200607,20200619,20200614,28418,SO44848,3374.99
322,20200607,20200619,20200614,17996,SO44849,699.0982
336,20200607,20200619,20200614,19417,SO44850,699.0982
310,20200607,20200619,20200614,22299,SO44851,3578.27
311,20200607,20200619,20200614,29128,SO44852,3578.27
348,20200607,20200619,20200614,19874,SO44853,3374.99
311,20200607,20200619,20200614,29004,SO44854,3578.27
320,20200607,20200619,20200614,26692,SO44855,699.0982
328,20200607,20200619,20200614,14651,SO44856,699.0982
310,20200607,20200619,20200614,18484,SO44857,3578.27
312,20200607,20200619,20200614,18487,SO44858,3578.27
310,20200607,20200619,20200614,18495,SO44859,3578.27
310,20200607,20200619,20200614,18693,SO44860,3578.27
314,20200607,20200619,20200614,18288,SO44861,3578.27
313,20200607,20200619,20200614,18457,SO44862,3578.27
310,20200607,20200619,20200614,18467,SO44863,3578.27
348,20200607,20200619,20200614,11364,SO44864,3374.99
351,20200607,20200619,20200614,11372,SO44865,3374.99
350,20200607,20200619,20200614,11443,SO44866,3374.99
313,20200608,20200620,20200615,14793,SO44867,3578.27
313,20200608,20200620,20200615,28852,SO44868,3578.27
312,20200608,20200620,20200615,18700,SO44869,3578.27
311,20200608,20200620,20200615,18301,SO44870,3578.27
345,20200608,20200620,20200615,11363,SO44871,3399.99
312,20200609,20200621,20200616,29111,SO44872,3578.27
312,20200609,20200621,20200616,28828,SO44873,3578.27
320,20200610,20200622,20200617,18004,SO44874,699.0982
313,20200610,20200622,20200617,29048,SO44875,3578.27
312,20200610,20200622,20200617,29056,SO44876,3578.27
311,20200610,20200622,20200617,29136,SO44877,3578.27
311,20200610,20200622,20200617,28807,SO44878,3578.27
310,20200610,20200622,20200617,28833,SO44879,3578.27
311,20200610,20200622,20200617,18470,SO44880,3578.27
313,20200610,20200622,20200617,18496,SO44881,3578.27
311,20200610,20200622,20200617,18703,SO44882,3578.27
314,20200610,20200622,20200617,18296,SO44883,3578.27
312,20200610,20200622,20200617,18308,SO44884,3578.27
310,20200611,20200623,20200618,14833,SO44885,3578.27
314,20200611,20200623,20200618,29108,SO44886,3578.27
310,20200611,20200623,20200618,28821,SO44887,3578.27
310,20200611,20200623,20200618,28838,SO44888,3578.27
348,20200612,20200624,20200619,11351,SO44889,3374.99
346,20200612,20200624,20200619,11381,SO44890,3399.99
310,20200612,20200624,20200619,28847,SO44891,3578.27
313,20200612,20200624,20200619,22267,SO44892,3578.27
314,20200612,20200624,20200619,28856,SO44893,3578.27
348,20200612,20200624,20200619,25943,SO44894,3374.99
351,20200612,20200624,20200619,25951,SO44895,3374.99
346,20200612,20200624,20200619,25964,SO44896,3399.99
314,20200612,20200624,20200619,18696,SO44897,3578.27
310,20200612,20200624,20200619,18307,SO44898,3578.27
351,20200612,20200624,20200619,11353,SO44899,3374.99
314,20200613,20200625,20200620,14778,SO44900,3578.27
313,20200613,20200625,20200620,12332,SO44901,3578.27
314,20200613,20200625,20200620,13829,SO44902,3578.27
313,20200613,20200625,20200620,18284,SO44903,3578.27
350,20200613,20200625,20200620,11359,SO44904,3374.99
312,20200614,20200626,20200621,13822,SO44905,3578.27
311,20200614,20200626,20200621,14832,SO44906,3578.27
324,20200614,20200626,20200621,19415,SO44907,699.0982
314,20200614,20200626,20200621,29032,SO44908,3578.27
310,20200614,20200626,20200621,28840,SO44909,3578.27
344,20200614,20200626,20200621,25969,SO44910,3399.99
349,20200614,20200626,20200621,25976,SO44911,3374.99
310,20200614,20200626,20200621,28966,SO44912,3578.27
311,20200614,20200626,20200621,18468,SO44913,3578.27
311,20200614,20200626,20200621,18491,SO44914,3578.27
312,20200614,20200626,20200621,18461,SO44915,3578.27
311,20200614,20200626,20200621,18463,SO44916,3578.27
310,20200615,20200627,20200622,13842,SO44917,3578.27
350,20200615,20200627,20200622,29466,SO44918,3374.99
310,20200615,20200627,20200622,29017,SO44919,3578.27
338,20200615,20200627,20200622,14648,SO44920,699.0982
312,20200615,20200627,20200622,18489,SO44921,3578.27
314,20200615,20200627,20200622,18277,SO44922,3578.27
312,20200615,20200627,20200622,18336,SO44923,3578.27
310,20200616,20200628,20200623,28830,SO44924,3578.27
313,20200616,20200628,20200623,18493,SO44925,3578.27
328,20200616,20200628,20200623,25706,SO44926,699.0982
348,20200616,20200628,20200623,11448,SO44927,3374.99
314,20200617,20200629,20200624,14843,SO44928,3578.27
312,20200617,20200629,20200624,12398,SO44929,3578.27
312,20200617,20200629,20200624,29110,SO44930,3578.27
312,20200617,20200629,20200624,28849,SO44931,3578.27
312,20200617,20200629,20200624,18303,SO44932,3578.27
312,20200617,20200629,20200624,18276,SO44933,3578.27
312,20200618,20200630,20200625,14771,SO44934,3578.27
312,20200618,20200630,20200625,12333,SO44935,3578.27
312,20200618,20200630,20200625,29044,SO44936,3578.27
311,20200618,20200630,20200625,22251,SO44937,3578.27
314,20200618,20200630,20200625,28851,SO44938,3578.27
314,20200618,20200630,20200625,28993,SO44939,3578.27
311,20200618,20200630,20200625,18490,SO44940,3578.27
310,20200618,20200630,20200625,18697,SO44941,3578.27
310,20200618,20200630,20200625,18701,SO44942,3578.27
330,20200618,20200630,20200625,25568,SO44943,699.0982
332,20200618,20200630,20200625,25707,SO44944,699.0982
322,20200618,20200630,20200625,25710,SO44945,699.0982
349,20200618,20200630,20200625,11357,SO44946,3374.99
346,20200618,20200630,20200625,11446,SO44947,3399.99
312,20200619,20200701,20200626,12395,SO44948,3578.27
349,20200619,20200701,20200626,29474,SO44949,3374.99
313,20200619,20200701,20200626,28835,SO44950,3578.27
311,20200619,20200701,20200626,28843,SO44951,3578.27
349,20200619,20200701,20200626,25955,SO44952,3374.99
312,20200619,20200701,20200626,28859,SO44953,3578.27
310,20200619,20200701,20200626,28990,SO44954,3578.27
342,20200619,20200701,20200626,25709,SO44955,699.0982
351,20200619,20200701,20200626,11449,SO44956,3374.99
310,20200620,20200702,20200627,22247,SO44957,3578.27
332,20200620,20200702,20200627,20173,SO44958,699.0982
312,20200620,20200702,20200627,29019,SO44959,3578.27
314,20200620,20200702,20200627,22373,SO44960,3578.27
313,20200620,20200702,20200627,29060,SO44961,3578.27
310,20200620,20200702,20200627,28831,SO44962,3578.27
346,20200620,20200702,20200627,25974,SO44963,3399.99
334,20200620,20200702,20200627,14647,SO44964,699.0982
332,20200620,20200702,20200627,14649,SO44965,699.0982
314,20200620,20200702,20200627,18458,SO44966,3578.27
310,20200621,20200703,20200628,14794,SO44967,3578.27
342,20200621,20200703,20200628,19365,SO44968,699.0982
312,20200621,20200703,20200628,22713,SO44969,3578.27
312,20200621,20200703,20200628,28820,SO44970,3578.27
313,20200621,20200703,20200628,28989,SO44971,3578.27
311,20200621,20200703,20200628,29016,SO44972,3578.27
314,20200621,20200703,20200628,18482,SO44973,3578.27
312,20200622,20200704,20200629,14776,SO44974,3578.27
311,20200622,20200704,20200629,28823,SO44975,3578.27
311,20200622,20200704,20200629,28824,SO44976,3578.27
313,20200622,20200704,20200629,29010,SO44977,3578.27
322,20200622,20200704,20200629,14652,SO44978,699.0982
310,20200622,20200704,20200629,18469,SO44979,3578.27
310,20200622,20200704,20200629,18699,SO44980,3578.27
310,20200622,20200704,20200629,18462,SO44981,3578.27
312,20200623,20200705,20200630,29132,SO44982,3578.27
310,20200623,20200705,20200630,22252,SO44983,3578.27
314,20200623,20200705,20200630,29008,SO44984,3578.27
311,20200623,20200705,20200630,18692,SO44985,3578.27
328,20200623,20200705,20200630,25708,SO44986,699.0982
314,20200624,20200706,20200701,12323,SO44987,3578.27
338,20200624,20200706,20200701,17999,SO44988,699.0982
311,20200624,20200706,20200701,28854,SO44989,3578.27
338,20200624,20200706,20200701,14645,SO44990,699.0982
314,20200624,20200706,20200701,18698,SO44991,3578.27
311,20200624,20200706,20200701,18464,SO44992,3578.27
350,20200624,20200706,20200701,11368,SO44993,3374.99
311,20200625,20200707,20200702,28805,SO44994,3578.27
313,20200625,20200707,20200702,28841,SO44995,3578.27
349,20200625,20200707,20200702,25970,SO44996,3374.99
310,20200625,20200707,20200702,28870,SO44997,3578.27
340,20200625,20200707,20200702,14646,SO44998,699.0982
311,20200625,20200707,20200702,18485,SO44999,3578.27
312,20200625,20200707,20200702,18297,SO45000,3578.27
312,20200625,20200707,20200702,18302,SO45001,3578.27
312,20200626,20200708,20200703,13844,SO45002,3578.27
314,20200626,20200708,20200703,29059,SO45003,3578.27
314,20200626,20200708,20200703,29106,SO45004,3578.27
312,20200626,20200708,20200703,28844,SO45005,3578.27
312,20200627,20200709,20200704,12373,SO45006,3578.27
310,20200627,20200709,20200704,14137,SO45007,3578.27
313,20200627,20200709,20200704,14831,SO45008,3578.27
338,20200627,20200709,20200704,19387,SO45009,699.0982
313,20200627,20200709,20200704,28869,SO45010,3578.27
313,20200627,20200709,20200704,22268,SO45011,3578.27
342,20200627,20200709,20200704,14650,SO45012,699.0982
310,20200627,20200709,20200704,18483,SO45013,3578.27
322,20200627,20200709,20200704,25705,SO45014,699.0982
346,20200627,20200709,20200704,11360,SO45015,3399.99
310,20200628,20200710,20200705,14770,SO45016,3578.27
312,20200628,20200710,20200705,28826,SO45017,3578.27
313,20200628,20200710,20200705,18494,SO45018,3578.27
313,20200628,20200710,20200705,18691,SO45019,3578.27
311,20200628,20200710,20200705,18332,SO45020,3578.27
348,20200628,20200710,20200705,11358,SO45021,3374.99
350,20200628,20200710,20200705,11447,SO45022,3374.99
310,20200628,20200710,20200705,13807,SO45023,3578.27
344,20200629,20200711,20200706,29475,SO45024,3399.99
311,20200629,20200711,20200706,29070,SO45025,3578.27
344,20200629,20200711,20200706,25962,SO45026,3399.99
314,20200629,20200711,20200706,28871,SO45027,3578.27
314,20200629,20200711,20200706,18702,SO45028,3578.27
311,20200629,20200711,20200706,18331,SO45029,3578.27
348,20200629,20200711,20200706,11450,SO45030,3374.99
313,20200630,20200712,20200707,14792,SO45031,3578.27
311,20200630,20200712,20200707,14139,SO45032,3578.27
312,20200630,20200712,20200707,29138,SO45033,3578.27
310,20200630,20200712,20200707,28822,SO45034,3578.27
310,20200630,20200712,20200707,28839,SO45035,3578.27
311,20200630,20200712,20200707,28846,SO45036,3578.27
332,20200630,20200712,20200707,25704,SO45037,699.0982
313,20200701,20200713,20200708,12494,SO45078,3578.27
